user_id,role,login_count
staff001,staff,11
staff002,staff,8
staff003,staff,1
staff004,staff,3
staff005,staff,2
staff006,staff,5
staff007,staff,5
staff008,staff,6
staff009,staff,3
staff010,staff,2
staff011,staff,4
staff012,staff,2
staff013,staff,2
staff014,staff,3
staff015,staff,1
staff016,staff,4
staff017,staff,2
staff018,staff,8
staff019,staff,8
staff020,staff,2
staff021,staff,3
staff022,staff,3
staff023,staff,4
staff024,staff,6
staff025,staff,3
staff026,staff,4
staff027,staff,5
staff028,staff,7
staff029,staff,6
staff030,staff,4
student001,student,16
student002,student,8
student003,student,7
student004,student,1
student005,student,3
student006,student,9
student007,student,9
student008,student,7
student009,student,7
student010,student,3
student011,student,3
student012,student,3
student013,student,3
student014,student,3
student015,student,4
student016,student,4
student017,student,2
student018,student,4
student019,student,3
student020,student,6
student021,student,7
student022,student,11
student023,student,6
student024,student,5
student025,student,7
student026,student,4
student027,student,6
student028,student,7
student029,student,6
student030,student,6
student031,student,7
student032,student,5
student033,student,4
student034,student,6
student035,student,5
student036,student,4
student037,student,5
student038,student,8
student039,student,4
student040,student,4
student041,student,8
student042,student,8
student043,student,3
student044,student,2
student045,student,4
student046,student,8
student047,student,4
student048,student,5
student049,student,4
student050,student,7
student051,student,8
student052,student,8
student053,student,3
student054,student,4
student055,student,3
student056,student,5
student057,student,5
student058,student,2
student059,student,4
student060,student,9
student061,student,0
student062,student,3
student063,student,5
student064,student,4
student065,student,7
student066,student,7
student067,student,3
student068,student,3
student069,student,5
student070,student,11
student071,student,6
student072,student,9
student073,student,6
student074,student,6
student075,student,3
student076,student,5
student077,student,8
student078,student,5
student079,student,6
student080,student,3
student081,student,2
student082,student,3
student083,student,9
student084,student,4
student085,student,4
student086,student,2
student087,student,4
student088,student,9
student089,student,5
student090,student,4
student091,student,8
student092,student,6
student093,student,7
student094,student,2
student095,student,6
student096,student,9
student097,student,5
student098,student,3
student099,student,5
student100,student,25
